{
  "$schema": "http://json-schema.org/draft-07/schema#",
  "title": "Architecture Schema",
  "type": "object",
  "properties": {
    "components": {"type": "array", "items": {"type": "object", "properties": {
      "name": {"type": "string"},
      "type": {"type": "string"},
      "dependencies": {"type": "array", "items": {"type": "string"}}
    }, "required": ["name"]}},
    "relationships": {"type": "array", "items": {"type": "object", "properties": {
      "from": {"type": "string"},
      "to": {"type": "string"},
      "type": {"type": "string"}
    }, "required": ["from", "to"]}}
  },
  "required": ["components"]
}
