{
  "$schema": "http://json-schema.org/draft-07/schema#",
  "title": "Delivery Plan Schema",
  "type": "object",
  "properties": {
    "phases": {"type": "array", "items": {"type": "object", "properties": {
      "id": {"type": "string"},
      "name": {"type": "string"},
      "description": {"type": "string"},
      "start_date": {"type": "string", "format": "date"},
      "end_date": {"type": "string", "format": "date"}
    }, "required": ["id", "name"]}},
    "milestones": {"type": "array", "items": {"$ref": "./milestone.schema.json"}}
  }
}
